{"phones": ["a", "b", "c", "d\u032a", "e", "f", "i", "j", "k", "l", "m", "n", "o", "p", "r", "s", "t\u0283", "t\u032a", "u", "w", "x", "\u00e7", "\u00f0", "\u014b", "\u025f", "\u025f\u029d", "\u0261", "\u0263", "\u0272", "\u027e", "\u0283", "\u028e", "\u029d", "\u03b2", "\u03b8"], "version": "2.0.0rc4.dev19+ged818cb.d20220404", "architecture": "gmm-hmm", "train_date": "2022-05-28 03:55:04.285212", "training": {"audio_duration": 6298548.656292674, "num_speakers": 22629, "num_utterances": 784095, "num_oovs": 0, "average_log_likelihood": -0.008354899461340902}, "dictionaries": {"names": ["spanish_latin_america_mfa", "spanish_mfa", "spanish_spain_mfa"], "default": "spanish_mfa", "silence_word": "<eps>", "use_g2p": false, "oov_word": "<unk>", "bracketed_word": "[bracketed]", "laughter_word": "[laughter]", "position_dependent_phones": true, "clitic_marker": "'"}, "features": {"type": "mfcc", "use_energy": false, "frame_shift": 10, "frame_length": 25, "snip_edges": true, "low_frequency": 20, "high_frequency": 7800, "sample_frequency": 16000, "allow_downsample": true, "allow_upsample": true, "uses_cmvn": true, "uses_deltas": true, "uses_voiced": false, "uses_splices": false, "uses_speaker_adaptation": true, "use_pitch": true, "min_f0": 50, "max_f0": 500, "delta_pitch": 0.005, "penalty_factor": 0.1}, "oov_phone": "spn", "optional_silence_phone": "sil", "phone_set_type": "IPA", "silence_probability": 0.20983452672314942, "initial_silence_probability": 0.20666666666666667, "final_silence_correction": 2.1133333333333333, "final_non_silence_correction": 0.043333333333333335}