{"phones": ["a", "b", "bʲ", "bʲː", "bː", "c", "cː", "dzʲː", "dʐː", "dʲ", "dʲː", "d̪", "d̪z̪", "d̪z̪ː", "d̪ː", "e", "f", "fʲ", "fʲː", "fː", "i", "j", "jː", "k", "kː", "m", "mʲ", "mʲː", "mː", "n̪", "n̪ː", "o", "p", "pʲ", "pʲː", "pː", "r", "rʲ", "rʲː", "rː", "sʲ", "sʲː", "s̪", "s̪ː", "tsʲ", "tɕ", "tɕː", "tʂ", "tʂː", "tʲ", "tʲː", "t̪", "t̪s̪", "t̪s̪ː", "t̪ː", "u", "v", "vʲ", "vʲː", "vː", "x", "xː", "zʲ", "zʲː", "z̪", "z̪ː", "æ", "ç", "ɐ", "ɕː", "ə", "ɛ", "ɟ", "ɟː", "ɡ", "ɡː", "ɣ", "ɨ", "ɪ", "ɫ", "ɫː", "ɲ", "ɲː", "ɵ", "ʂ", "ʂː", "ʉ", "ʊ", "ʎ", "ʎː", "ʐ", "ʐː", "ʑː"], "phone_mapping": {"<eps>": 0, "sil": 1, "spn": 2, "a": 3, "b": 4, "bʲ": 5, "bʲː": 6, "bː": 7, "c": 8, "cː": 9, "dzʲː": 10, "dʐː": 11, "dʲ": 12, "dʲː": 13, "d̪": 14, "d̪z̪": 15, "d̪z̪ː": 16, "d̪ː": 17, "e": 18, "f": 19, "fʲ": 20, "fʲː": 21, "fː": 22, "i": 23, "j": 24, "jː": 25, "k": 26, "kː": 27, "m": 28, "mʲ": 29, "mʲː": 30, "mː": 31, "n̪": 32, "n̪ː": 33, "o": 34, "p": 35, "pʲ": 36, "pʲː": 37, "pː": 38, "r": 39, "rʲ": 40, "rʲː": 41, "rː": 42, "sʲ": 43, "sʲː": 44, "s̪": 45, "s̪ː": 46, "tsʲ": 47, "tɕ": 48, "tɕː": 49, "tʂ": 50, "tʂː": 51, "tʲ": 52, "tʲː": 53, "t̪": 54, "t̪s̪": 55, "t̪s̪ː": 56, "t̪ː": 57, "u": 58, "v": 59, "vʲ": 60, "vʲː": 61, "vː": 62, "x": 63, "xː": 64, "zʲ": 65, "zʲː": 66, "z̪": 67, "z̪ː": 68, "æ": 69, "ç": 70, "ɐ": 71, "ɕː": 72, "ə": 73, "ɛ": 74, "ɟ": 75, "ɟː": 76, "ɡ": 77, "ɡː": 78, "ɣ": 79, "ɨ": 80, "ɪ": 81, "ɫ": 82, "ɫː": 83, "ɲ": 84, "ɲː": 85, "ɵ": 86, "ʂ": 87, "ʂː": 88, "ʉ": 89, "ʊ": 90, "ʎ": 91, "ʎː": 92, "ʐ": 93, "ʐː": 94, "ʑː": 95}, "phone_groups": {"0": ["b", "bː"], "1": ["bʲ", "bʲː"], "2": ["d̪", "d̪ː"], "3": ["dʲ", "dʲː"], "4": ["f", "fː"], "5": ["fʲ", "fʲː"], "6": ["j", "jː"], "7": ["k", "kː"], "8": ["c", "cː"], "9": ["m", "mː"], "10": ["mʲ", "mʲː"], "11": ["n̪", "n̪ː"], "12": ["ɲ", "ɲː"], "13": ["p", "pː"], "14": ["pʲ", "pʲː"], "15": ["r", "rː"], "16": ["rʲ", "rʲː"], "17": ["s̪", "s̪ː"], "18": ["sʲ", "sʲː"], "19": ["tɕ", "tɕː"], "20": ["dʐː", "tʂ", "tʂː"], "21": ["t̪", "t̪ː"], "22": ["tʲ", "tʲː"], "23": ["d̪z̪", "d̪z̪ː", "t̪s̪", "t̪s̪ː"], "24": ["dzʲː", "tsʲ"], "25": ["v", "vː"], "26": ["vʲ", "vʲː"], "27": ["ç"], "28": ["x", "xː", "ɣ"], "29": ["z̪", "z̪ː"], "30": ["zʲ", "zʲː"], "31": ["ɕː"], "32": ["ɟ", "ɟː"], "33": ["ɡ", "ɡː"], "34": ["ɫ", "ɫː"], "35": ["ʎ", "ʎː"], "36": ["ʂ", "ʂː"], "37": ["ʐ", "ʐː", "ʑː"], "38": ["a"], "39": ["æ"], "40": ["ɐ"], "41": ["ə"], "42": ["ɛ"], "43": ["e"], "44": ["i"], "45": ["ɪ"], "46": ["ɨ"], "47": ["ɵ"], "48": ["o"], "49": ["u"], "50": ["ʉ"], "51": ["ʊ"]}, "version": "3.1.0", "architecture": "gmm-hmm", "train_date": "2024-06-15 16:23:29.321602", "training": {"audio_duration": 1595047.6939918944, "num_speakers": 3264, "num_utterances": 273493, "num_oovs": 0, "average_log_likelihood": -0.08125576211697964}, "dictionaries": {"names": ["russian_mfa"], "default": "russian_mfa", "silence_word": "<eps>", "use_g2p": false, "oov_word": "<unk>", "bracketed_word": "[bracketed]", "laughter_word": "[laughter]", "clitic_marker": "'", "position_dependent_phones": false}, "language": "unknown", "features": {"type": "mfcc", "use_energy": true, "frame_shift": 10, "frame_length": 25, "snip_edges": false, "low_frequency": 20, "high_frequency": 7800, "sample_frequency": 16000, "dither": 0.0001, "energy_floor": 1.0, "num_coefficients": 13, "num_mel_bins": 23, "cepstral_lifter": 22, "preemphasis_coefficient": 0.97, "uses_cmvn": true, "uses_deltas": true, "uses_voiced": false, "uses_splices": false, "uses_speaker_adaptation": true, "use_pitch": false, "use_voicing": false, "min_f0": 50, "max_f0": 800, "delta_pitch": 0.005, "penalty_factor": 0.1, "silence_weight": 0.0, "splice_left_context": 3, "splice_right_context": 3}, "oov_phone": "spn", "optional_silence_phone": "sil", "phone_set_type": "UNKNOWN", "silence_probability": 0.22, "initial_silence_probability": 0.22, "final_silence_correction": 0.99, "final_non_silence_correction": 0.03}